1,電通,69,1,5
2,集英社,69,1,5
3,フジテレビ,69,1,5
4,日本テレビ,69,1,5
5,東京放送,68,1,5
6,テレ朝,68,1,5
7,テレ東,68,1,5
8,朝日新聞,68,1,5
9,小学館,68,1,5
10,講談社,68,1,5
11,博報堂,67,1,5
12,NHK,67,1,5
13,準キー局,67,1,5
14,共同通信社,67,1,5
15,日本経済新聞社,67,1,5
16,読売新聞社,67,1,5
17,時事通信,65,1,5
18,産經新聞,65,1,5
19,アサツーディーケー,62,1,5
20,リクルート,59,1,5
21,エイベックスグループホールディングス,60,1,5
22,H.I.S,60,1,5
23,JTBグループ,61,1,5
24,近畿日本ツーリスト,57,1,5
25,ポニーキャニオン,56,1,5
26,三菱商事,69,2,5
27,三井物産,68,2,5
28,住友商事,67,2,5
29,丸紅,65,2,5
30,伊藤忠,65,2,5
31,豊田通商,63,2,5
32,双日,62,2,5
33,日本郵船,68,2,5
34,商船三井,68,2,5
35,JR東海,67,2,5
36,JR東日本,66,2,5
37,JR西日本,65,2,5
38,川崎汽船,64,2,5
39,NEXCO,59,2,5
40,上位私鉄会社,59,2,5
41,JR九州,57,2,5
42,JR北海道,57,2,5
43,JR四国,57,2,5
44,JAL,63,2,5
45,ANA,63,2,5
46,成田国際空港,59,2,5
47,三井不動産,69,3,5
48,三菱地所,69,3,5
49,新日本石油,69,3,5
50,新日本製鉄,68,3,5
51,東京電力,67,3,5
52,中部電力,66,3,5
53,関西電力,66,3,5
54,東京建物,66,3,5
55,東急不動産,66,3,5
56,出光興産,66,3,5
57,東京ガス,66,3,5
58,住友不動産,65,3,5
59,JFE,65,3,5
60,昭和シェル石油,65,3,5
61,大阪ガス,65,3,5
62,森トラスト,64,3,5
63,東北電力,64,3,5
64,九州電力,64,3,5
65,中部電力,63,3,5
66,四国電力,63,3,5
67,北陸電力,63,3,5
68,北海道電力,63,3,5
69,鹿島建設,61,3,5
70,ジャパンエナジー,61,3,5
71,コスモ石油,59,3,5
72,住友金属鉱山,59,3,5
73,JSR,58,3,5
74,大林組,57,3,5
75,三井不動産レジデンス,56,3,5
76,神戸製鉄,62,3,5
77,三菱重工業,62,3,5
78,川崎重工業,60,3,5
79,日鉱金属,57,3,5
80,積水ハウス,59,3,5
81,旭化成ホームズ,58,3,5
82,一条工務店,57,3,5
83,大和ハウス工業,57,3,5
84,タマホーム,56,3,5
85,三井ホーム,56,3,5
86,レオパレス２１,55,3,5
87,トステム,55,3,5
88,マッキンゼー,75,4,5
89,BCG,74,4,5
90,ベイン,73,4,5
91,アクセンチュア,71,4,5
92,ATカーニー,71,4,5
93,ブーズ＆カンパニー,71,4,5
94,DI,71,4,5
95,アーサーDリトル,70,4,5
96,モニターグループ,70,4,5
97,ローランドベルガー,70,4,5
98,コーポレイトディレクション,70,4,5
99,デロイト,71,4,5
100,野村総合研究所,69,4,5
101,三菱総合研究所,69,4,5
102,IBMビジネスコンサルティングサービス,63,4,5
103,大和総研,58,4,5
104,みずほ情報総研,58,4,5
105,帝国データ,57,4,5
106,日本総研,56,4,5
107,アクセンチュア（IT）,63,5,5
108,SAP,63,5,5
109,NTTドコモ,63,5,5
110,Oracle,61,5,5
111,KDDI,61,5,5
112,NTTデータ,60,5,5
113,NTTコミュニケーションズ,60,5,5
114,NTT東西,58,5,5
115,NTTコムウェア,56,5,5
116,ソフトバンク,55,5,5
117,ソニー,65,5,5
118,パナソニック,64,5,5
119,東芝,58,5,5
120,日立製作所,62,5,5
121,富士通,58,5,5
122,IBM,63,5,5
123,シャープ,60,5,5
124,apple,60,5,5
125,NEC,58,5,5
126,キャノン,61,5,5
127,富士フィルム,64,5,5
128,三菱電機,59,5,5
129,楽天,58,5,5
130,DeNA,63,5,5
131,GREE,63,5,5
132,サイバーエージェント,61,5,5
133,ヤフージャパン,60,5,5
134,大塚商会,58,5,5
135,GS,75,6,5
136,日本銀行,74,6,5
137,モルガンスタンレー,74,6,5
138,メリルリンチ,73,6,5
139,UBS,73,6,5
140,モルガンチェース,72,6,5
141,ドイツ銀行,71,6,5
142,クレディ,70,6,5
143,野村証券,69,6,5
144,日興シティ,69,6,5
145,日本政策投資銀行,69,6,5
146,HSBCホールディングス,69,6,5
147,バークレイズ,69,6,5
148,バリパ,69,6,5
149,カリヨン,68,6,5
150,マネックス,68,6,5
151,スパークス,68,6,5
152,国際協力銀行,68,6,5
153,シティバンク銀行,68,6,5
154,みずほコーポレート銀行,68,6,5
155,野村アセットマネジメント,68,6,5
156,東京三菱UFJ銀行,68,6,5
157,全国銀行協会,67,6,5
158,みずほフィナンシャルグループ,66,6,5
159,三菱東京UFJ銀行（IB）,66,6,5
160,東京証券取引所,66,6,5
161,農林中央金庫,66,6,5
162,ジャフコ,65,6,5
163,エヌアイエフSMBCベンチャーズ,65,6,5
164,新生銀行,64,6,5
165,日本アジア銀行,64,6,5
166,東京海上日動火災,63,6,5
167,三菱UFJ信託,63,6,5
168,大和証券エスエムビーシー,63,6,5
169,中央三井信託銀行,61,6,5
170,三菱東京UFJ銀行（EE）,60,6,5
171,三井住友海上火災保険,60,6,5
172,日本政策金融金庫,60,6,5
173,日本生命,57,6,5
174,新生銀行,56,6,5
175,第一生命,56,6,5
176,SBI,55,6,5
177,三井住友銀行,55,6,5
178,オリックス,55,6,5
179,あおぞら銀行,55,6,5
180,住友生命,55,6,5
181,静岡銀行,54,6,5
182,横浜銀行,54,6,5
183,損害保険ジャパン,54,6,5
184,明治安田生命,54,6,5
185,大和証券,53,6,5
186,あいおい損保SMC,53,6,5
187,七十七銀行,52,6,5
188,常陽銀行,52,6,5
189,池田泉州銀行,52,6,5
190,八千代銀行,53,6,5
191,千葉銀行,56,6,5
192,京都銀行,56,6,5
193,トヨタ,65,7,5
194,三菱ガス化学,58,7,5
195,日本ガイシ,55,7,5
196,本田技研,64,7,5
197,BASF,64,7,5
198,住友電気工業,64,7,5
199,マツダ,58,7,5
200,信越化学工業,64,7,5
201,積水化学工業,58,7,5
202,日本製紙,57,7,5
203,日東電工,58,7,5
204,旭化成,62,7,5
205,日揮,55,7,5
206,日立（SE）,58,7,5
207,DIC,57,7,5
208,富士ゼロックス,61,7,5
209,リコー,61,7,5
210,東レ,61,7,5
211,三菱マテリアル,61,7,5
212,村田製作所,56,7,5
213,パナソニック電工,60,7,5
214,日本精工,54,7,5
215,三井造船,56,7,5
216,J＆J,60,7,5
217,キーエンス,59,7,5
218,日本HP,59,7,5
219,ブリヂストン,59,7,5
220,クラレ,56,7,5
221,諸応和電工,56,7,5
222,コマツ,58,7,5
223,横河電機,56,7,5
224,YKK,55,7,5
225,カネカ,55,7,5
226,日本ゼオン,54,7,5
227,日新製鋼,55,7,5
228,日本触媒,55,7,5
229,王子製紙,55,7,5
230,三菱レイヨン,56,7,5
231,アイシン精機,57,7,5
232,帝人,57,7,5
233,太平洋セメント,54,7,5
234,ルネサス,55,7,5
235,TDK,56,7,5
236,TOTO,56,7,5
237,セイコーエプソン,56,7,5
238,オムロン,56,7,5
239,カシオ計算機,56,7,5
240,日産自動車,60,7,5
241,日野自動車,58,7,5
242,三菱自動車,58,7,5
243,P＆G（マーケ）,72,8,5
244,P＆G（ファイナンス）,67,8,5
245,任天堂,66,8,5
246,P＆G（CMK）,65,8,5
247,味の素,64,8,5
248,キリン麦酒,63,8,5
249,サントリー,63,8,5
250,ユニリーバ,63,8,5
251,花王,63,8,5
252,P＆G（CBD）,62,8,5
253,日清製粉グループ本社,62,8,5
254,住友スリーエム,61,8,5
255,日本たばこ産業,60,8,5
256,王子製紙,60,8,5
257,資生堂,60,8,5
258,武田薬品,59,8,5
259,HOYA,58,8,5
260,サッポロビール,58,8,5
261,明治製菓,58,8,5
262,エーザイ,57,8,5
263,カネボウ,56,8,5
264,アステラス製薬,55,8,5
265,カゴメ,55,8,5
266,キッコーマン,55,8,5
267,ハウス食品,55,8,5
268,ヤクルト,55,8,5
269,ライオン,55,8,5
270,コーセー,54,8,5
271,第一三共,54,8,5
272,明治乳業,54,8,5
273,森永製菓,54,8,5
274,ジョンソン・エンド・ジョンソン,60,8,5
275,タカラトミー,58,8,5
276,ワコール,58,8,5
277,ユニクロ,58,8,5
278,スターバックスコーヒージャパン,57,8,5
279,バンダイ,59,8,5
280,コクヨ,59,8,5
281,ユニ・チャーム,59,8,5
282,ミキハウス,58,8,5
283,アサヒビール,57,8,5
284,プロクター・アンド・ギャンブル・ジャパン,58,8,5
285,帝人,57,8,5
286,三陽商会,57,8,5
287,伊藤園,56,8,5
288,東京大学人工物工学研究センター,69,9,5
289,国際協力機構,67,9,5
290,日本貿易振興機構,67,9,5
291,日本中央競馬会,66,9,5
292,経済同友会,65,9,5
293,JA全農,63,9,5
294,野村総合研究所（SE）,62,9,5
295,オリエンタルランド,58,9,5
296,オンワード樫山,57,9,5
297,久保田,54,9,5
298,Plan・Do・See,57,9,5
299,三越伊勢丹グループ,57,9,5
300,高島屋,57,9,5
301,アシックス,57,9,5
302,スクウェア・エニックス,57,9,5
303,ヤマハ,57,9,5
304,ミズノ,57,9,5
305,プリンスホテル,57,9,5
306,ベストブライダル,56,9,5
307,ミリアルリゾートホテルズ,57,9,5
308,リゾートトラスト,56,9,5
309,日本マクドナルドホールディングス,56,9,5
310,スターバックスコーヒージャパン,56,9,5
311,ドトールコーヒー,56,9,5
312,ワタミ,56,9,5
313,ゼンショー,56,9,5
314,タリーズコーヒージャパン,56,9,5
315,イオン,56,9,5
316,セブン−イレブン・ジャパン,56,9,5
317,ニトリ,57,9,5
318,ヨドバシカメラ,56,9,5
319,丸井グループ,56,9,5
320,青山商事,56,9,5
